{"cameraMode":{"drawMode":0,"name":"Shaded","section":"Shading Mode"},"sceneLighting":true,"audioPlay":false,"sceneViewState":{"showFog":true,"showMaterialUpdate":false,"showSkybox":true,"showFlares":true,"showImageEffects":true,"showParticleSystems":true},"in2DMode":false,"pivot":{"x":-1.7274243831634522,"y":-4.143344879150391,"z":-53.19554901123047},"rotation":{"x":-0.019794754683971406,"y":0.8459764122962952,"z":-0.5319297909736633,"w":-0.03148530423641205},"size":14.860950469970704,"orthographic":false}