{"cameraMode":{"drawMode":0,"name":"Shaded","section":"Shading Mode"},"sceneLighting":true,"audioPlay":false,"sceneViewState":{"showFog":true,"showMaterialUpdate":false,"showSkybox":true,"showFlares":true,"showImageEffects":true,"showParticleSystems":true},"in2DMode":false,"pivot":{"x":-1.6102765798568726,"y":0.8362400531768799,"z":-49.13420104980469},"rotation":{"x":0.25345876812934878,"y":0.6759598255157471,"z":-0.2686731517314911,"w":0.6377370953559876},"size":2.7151613235473635,"orthographic":false}