{"cameraMode":{"drawMode":0,"name":"Shaded","section":"Shading Mode"},"sceneLighting":true,"audioPlay":false,"sceneViewState":{"showFog":true,"showMaterialUpdate":false,"showSkybox":true,"showFlares":true,"showImageEffects":true,"showParticleSystems":true},"in2DMode":false,"pivot":{"x":-2.491746425628662,"y":0.5856330394744873,"z":-19.97802734375},"rotation":{"x":-0.11120358109474182,"y":0.8862503170967102,"z":-0.28028830885887148,"w":-0.3516171872615814},"size":2.0744564533233644,"orthographic":false}