{"cameraMode":{"drawMode":0,"name":"Shaded","section":"Shading Mode"},"sceneLighting":true,"audioPlay":false,"sceneViewState":{"showFog":true,"showMaterialUpdate":false,"showSkybox":true,"showFlares":true,"showImageEffects":true,"showParticleSystems":true},"in2DMode":false,"pivot":{"x":2.0289230346679689,"y":-0.7996039390563965,"z":-19.838027954101564},"rotation":{"x":0.08001969754695893,"y":0.9199720621109009,"z":-0.2743404507637024,"w":0.2683314383029938},"size":1.7928720712661744,"orthographic":false}