{"cameraMode":{"drawMode":0,"name":"Shaded","section":"Shading Mode"},"sceneLighting":true,"audioPlay":false,"sceneViewState":{"showFog":true,"showMaterialUpdate":false,"showSkybox":true,"showFlares":true,"showImageEffects":true,"showParticleSystems":true},"in2DMode":false,"pivot":{"x":-2.3328781127929689,"y":-4.728318214416504,"z":-55.662776947021487},"rotation":{"x":-0.046668484807014468,"y":-0.942634105682373,"z":0.2950129508972168,"w":-0.14911870658397675},"size":10.695649147033692,"orthographic":false}