{"cameraMode":{"drawMode":0,"name":"Shaded","section":"Shading Mode"},"sceneLighting":true,"audioPlay":false,"sceneViewState":{"showFog":true,"showMaterialUpdate":false,"showSkybox":true,"showFlares":true,"showImageEffects":true,"showParticleSystems":true},"in2DMode":false,"pivot":{"x":-0.14350366592407227,"y":0.701103925704956,"z":-0.9519038200378418},"rotation":{"x":-0.1427636593580246,"y":-0.1838453859090805,"z":0.027002079412341119,"w":-0.9721669554710388},"size":1.2086529731750489,"orthographic":false}