{"cameraMode":{"drawMode":0,"name":"Shaded","section":"Shading Mode"},"sceneLighting":true,"audioPlay":false,"sceneViewState":{"showFog":true,"showMaterialUpdate":false,"showSkybox":true,"showFlares":true,"showImageEffects":true,"showParticleSystems":true},"in2DMode":false,"pivot":{"x":0.17294549942016602,"y":2.703824043273926,"z":-3.2173242568969728},"rotation":{"x":0.16582579910755158,"y":0.22578011453151704,"z":-0.03965640440583229,"w":0.9593061804771423},"size":5.78044319152832,"orthographic":false}