{"cameraMode":{"drawMode":0,"name":"Shaded","section":"Shading Mode"},"sceneLighting":true,"audioPlay":false,"sceneViewState":{"showFog":true,"showMaterialUpdate":false,"showSkybox":true,"showFlares":true,"showImageEffects":true,"showParticleSystems":true},"in2DMode":false,"pivot":{"x":-1.097752571105957,"y":-7.658820152282715,"z":-9.120105743408204},"rotation":{"x":-0.31011855602264407,"y":0.1284428983926773,"z":-0.04220619052648544,"w":-0.9410893321037293},"size":17.753101348876954,"orthographic":false}