{"cameraMode":{"drawMode":0,"name":"Shaded","section":"Shading Mode"},"sceneLighting":true,"audioPlay":false,"sceneViewState":{"showFog":true,"showMaterialUpdate":false,"showSkybox":true,"showFlares":true,"showImageEffects":true,"showParticleSystems":true},"in2DMode":false,"pivot":{"x":1.438801884651184,"y":1.0786268711090088,"z":-26.563518524169923},"rotation":{"x":0.020748866721987726,"y":-0.9756463170051575,"z":0.19298289716243745,"w":0.10337261110544205},"size":3.0083818435668947,"orthographic":false}