{"cameraMode":{"drawMode":0,"name":"Shaded","section":"Shading Mode"},"sceneLighting":true,"audioPlay":false,"sceneViewState":{"showFog":true,"showMaterialUpdate":false,"showSkybox":true,"showFlares":true,"showImageEffects":true,"showParticleSystems":true},"in2DMode":false,"pivot":{"x":-0.0008077621459960938,"y":-3.8025259971618654,"z":4.224045276641846},"rotation":{"x":-0.27002331614494326,"y":0.3003062307834625,"z":-0.08906275779008866,"w":-0.9104788303375244},"size":9.281478881835938,"orthographic":false}