{"cameraMode":{"drawMode":0,"name":"Shaded","section":"Shading Mode"},"sceneLighting":false,"audioPlay":false,"sceneViewState":{"showFog":true,"showMaterialUpdate":false,"showSkybox":false,"showFlares":true,"showImageEffects":true,"showParticleSystems":true},"in2DMode":false,"pivot":{"x":7.742544174194336,"y":0.2457057237625122,"z":-15.363923072814942},"rotation":{"x":0.16582579910755158,"y":0.22578011453151704,"z":-0.03965640440583229,"w":0.9593061804771423},"size":0.3510923981666565,"orthographic":false}