{"cameraMode":{"drawMode":0,"name":"Shaded","section":"Shading Mode"},"sceneLighting":true,"audioPlay":false,"sceneViewState":{"showFog":true,"showMaterialUpdate":false,"showSkybox":true,"showFlares":true,"showImageEffects":true,"showParticleSystems":true},"in2DMode":false,"pivot":{"x":-0.013104081153869629,"y":0.6549410820007324,"z":0.04011654853820801},"rotation":{"x":-0.11253423988819123,"y":-0.2729318141937256,"z":0.03216519579291344,"w":-0.9548880457878113},"size":1.508652925491333,"orthographic":false}